movie_odid,display_name,billing,person_odid,person,character,type,role,person_name,DOB,DOB_source,Gender,Gender_source,race_final,race_source,race_scores_fair,in_actorlist,in_directorlist,Race_present,DOB_present,Gender_present,total_people,dob_coverage,gender_coverage,race_coverage
10100,Titanic,1,39750401,Leonardo DiCaprio,Jack Dawson,Leading,,Leonardo DiCaprio,1974-11-11,TMDB,Male,TMDB,White,Wikipedia,"[0.5519263744354248, 0.0022383960895240307, 0.4149550497531891, 0.001488292240537703, 0.002279921667650342, 0.00864520575851202, 0.018466753885149956]",True,False,True,True,True,4,1.0,1.0,1.0
10100,Titanic,2,840401,Kate Winslet,Rose DeWitt Bukater,Leading,,Kate Winslet,1975-10-05,TMDB,Female,TMDB,White,TMDB_Image_FairfaceModel,"[0.99986732006073, 3.58790828158817e-08, 3.43966057698708e-05, 6.935550572961802e-06, 2.6665234145184513e-06, 8.808973461782443e-07, 8.781612996244803e-05]",True,False,True,True,True,4,1.0,1.0,1.0
10100,Titanic,3,23100401,James Cameron,,,Screenwriter,James Cameron,1954-08-16,TMDB,Male,TMDB,White,TMDB_Image_FairfaceModel,"[0.9989583492279053, 7.847458505239047e-07, 5.771115320385434e-05, 2.611786158013274e-06, 2.8342451514618006e-06, 1.6153302567545325e-05, 0.0009613793808966875]",False,True,True,True,True,4,1.0,1.0,1.0
10100,Titanic,1,23100401,James Cameron,,,Director,James Cameron,1954-08-16,TMDB,Male,TMDB,White,TMDB_Image_FairfaceModel,"[0.9989583492279053, 7.847458505239047e-07, 5.771115320385434e-05, 2.611786158013274e-06, 2.8342451514618006e-06, 1.6153302567545325e-05, 0.0009613793808966875]",False,True,True,True,True,4,1.0,1.0,1.0
20100,The Dark Knight,1,106410401,Christopher Nolan,,,Director,Christopher Nolan,1970-07-30,TMDB,Male,TMDB,White,TMDB_Image_FairfaceModel,"[0.9958711266517639, 1.6552222632526536e-06, 0.00027007609605789185, 5.128248176333727e-06, 5.246567525318824e-06, 2.68203548330348e-05, 0.0038199254777282476]",False,True,True,True,True,5,1.0,1.0,1.0
20100,The Dark Knight,5,203250401,Jonathan Nolan,,,Screenwriter,Jonathan Nolan,1976-06-06,TMDB,Male,TMDB,White,TMDB_Image_FairfaceModel,"[0.9978367686271667, 1.1441644346632529e-05, 0.001221241895109415, 5.5455406254623085e-05, 4.4975633500143886e-05, 1.1647454812191427e-05, 0.0008185205515474081]",False,True,True,True,True,5,1.0,1.0,1.0
20100,The Dark Knight,6,106410401,Christopher Nolan,,,Screenwriter,Christopher Nolan,1970-07-30,TMDB,Male,TMDB,White,TMDB_Image_FairfaceModel,"[0.9958711266517639, 1.6552222632526536e-06, 0.00027007609605789185, 5.128248176333727e-06, 5.246567525318824e-06, 2.68203548330348e-05, 0.0038199254777282476]",False,True,True,True,True,5,1.0,1.0,1.0
20100,The Dark Knight,1,9490401,Christian Bale,Bruce Wayne,Leading,,Christian Bale,1974-01-30,TMDB,Male,TMDB,White,TMDB_Image_FairfaceModel,"[0.9845028519630432, 3.573175854398869e-05, 0.00819698628038168, 2.9624645321746357e-05, 3.606998870964162e-05, 0.0001101447269320488, 0.007088639307767153]",True,False,True,True,True,5,1.0,1.0,1.0
20100,The Dark Knight,3,83480401,Heath Ledger,Joker,Leading,,Heath Ledger,1979-04-04,TMDB,Male,TMDB,White,TMDB_Image_FairfaceModel,"[0.8000125288963318, 0.0007203573477454484, 0.09853428602218628, 0.00018136424478143454, 0.0002080515696434304, 0.0001496465556556359, 0.10019372403621674]",True,False,True,True,True,5,1.0,1.0,1.0
30100,Star Wars Ep. IV: A New Hope,2,600401,Harrison Ford,Han Solo,Leading,,Harrison Ford,,Unknown,,Unknown,,,,True,False,False,False,False,6,0.0,0.0,0.0
30100,Star Wars Ep. IV: A New Hope,4,203290401,Camera Gilbert Taylor,,,Screenwriter,Camera Gilbert Taylor,,Unknown,,Unknown,,,,False,True,False,False,False,6,0.0,0.0,0.0
30100,Star Wars Ep. IV: A New Hope,3,88340401,George Lucas,,,Screenwriter,George Lucas,,Unknown,,Unknown,,,,False,True,False,False,False,6,0.0,0.0,0.0
30100,Star Wars Ep. IV: A New Hope,1,88340401,George Lucas,,,Director,George Lucas,,Unknown,,Unknown,,,,False,True,False,False,False,6,0.0,0.0,0.0
30100,Star Wars Ep. IV: A New Hope,1,60740401,Mark Hamill,Luke Skywalker,Leading,,Mark Hamill,,Unknown,,Unknown,,,,True,False,False,False,False,6,0.0,0.0,0.0
30100,Star Wars Ep. IV: A New Hope,3,48440401,Carrie Fisher,Princess Leia Organa,Leading,,Carrie Fisher,,Unknown,,Unknown,,,,True,False,False,False,False,6,0.0,0.0,0.0
40100,Shrek 2,1,146710401,Conrad Vernon,,,Director,Conrad Vernon,1968-07-11,TMDB,Male,TMDB,White,TMDB_Image_FairfaceModel,"[0.9965621829032898, 1.0238630238745827e-05, 0.0008719587931409478, 7.24897108739242e-06, 7.663993528694846e-06, 2.1903695596847683e-05, 0.002518764231353998]",False,True,True,True,True,10,0.8,0.9,0.9
40100,Shrek 2,10,256160401,J. David Stem,,,Screenwriter,J. David Stem,,Unknown,,Unknown,,,,False,True,False,False,False,10,0.8,0.9,0.9
40100,Shrek 2,9,203370401,Joe Stillman,,,Screenwriter,Joe Stillman,1959-08-01,Wiki_document,Male,TMDB,White,TMDB_Image_FairfaceModel,"[0.44039610028266907, 3.513842966640368e-05, 0.01609046384692192, 6.297208165051416e-05, 0.00019288953626528382, 0.0015699053183197975, 0.5416525602340698]",False,True,True,True,True,10,0.8,0.9,0.9
40100,Shrek 2,3,2460401,Andrew Adamson,,,Director,Andrew Adamson,1966-12-01,Wiki_document,Male,Wiki_document,White,Wikipedia,,False,True,True,True,True,10,0.8,0.9,0.9
40100,Shrek 2,8,2460401,Andrew Adamson,,,Screenwriter,Andrew Adamson,1966-12-01,Wiki_document,Male,Wiki_document,White,Wikipedia,,False,True,True,True,True,10,0.8,0.9,0.9
40100,Shrek 2,11,203390401,David N. Weiss,,,Screenwriter,David N. Weiss,,Unknown,Male,TMDB,White,Wikipedia,,False,True,True,False,True,10,0.8,0.9,0.9
40100,Shrek 2,2,6860401,Kelly Asbury,,,Director,Kelly Asbury,1960-01-15,TMDB,Male,TMDB,White,TMDB_Image_FairfaceModel,"[0.9901444911956787, 0.00027991915703751147, 0.006836249027401209, 0.00013209461758378893, 0.00012363556015770882, 0.00017537418170832098, 0.0023083211854100227]",False,True,True,True,True,10,0.8,0.9,0.9
40100,Shrek 2,1,104060401,Mike Myers,Shrek,Leading,,Mike Myers,1963-05-25,TMDB,Male,TMDB,White,TMDB_Image_FairfaceModel,"[0.9545515775680542, 2.1892481527174823e-05, 0.025352759286761284, 0.0006190208368934691, 0.0005422377726063132, 0.0003845613682642579, 0.018527977168560028]",True,False,True,True,True,10,0.8,0.9,0.9
40100,Shrek 2,2,700401,Eddie Murphy,Donkey,Leading,,Eddie Murphy,1961-04-03,TMDB,Male,TMDB,Black,TMDB_Image_FairfaceModel,"[1.1808117506006965e-06, 0.9998366832733154, 4.195556175545789e-05, 1.8390026923498226e-07, 3.4194781619589776e-06, 0.00010975894838338718, 6.708498858642997e-06]",True,False,True,True,True,10,0.8,0.9,0.9
40100,Shrek 2,3,590401,Cameron Diaz,Princess Fiona,Leading,,Cameron Diaz,1972-08-30,TMDB,Female,TMDB,White,TMDB_Image_FairfaceModel,"[0.9999855756759644, 5.116382872927261e-10, 1.9322503703733673e-06, 2.28914629474275e-08, 4.0244490406848854e-08, 4.254193086694613e-08, 1.2558971320686396e-05]",True,False,True,True,True,10,0.8,0.9,0.9
50100,ET: The Extra-Terrestrial,1,135430401,Steven Spielberg,,,Director,Steven Spielberg,1946-12-18,TMDB,Male,TMDB,White,TMDB_Image_FairfaceModel,"[0.9816393852233887, 6.206834950717166e-05, 0.002256237668916583, 7.757115236017853e-05, 0.00016134594625327736, 0.0010078574996441603, 0.014795506373047829]",False,True,True,True,True,3,1.0,1.0,1.0
50100,ET: The Extra-Terrestrial,3,141560401,Henry Thomas,Elliot,Leading,,Henry Thomas,1971-09-09,TMDB,Male,TMDB,White,TMDB_Image_FairfaceModel,"[0.9998235106468201, 1.658249715319471e-08, 2.6023264581453986e-05, 2.108541775669437e-05, 8.871381396602374e-06, 7.17208820333326e-07, 0.00011986089521087706]",True,False,True,True,True,3,1.0,1.0,1.0
50100,ET: The Extra-Terrestrial,4,203560401,Melissa Mathison,,,Screenwriter,Melissa Mathison,1950-06-03,TMDB,Female,TMDB,White,TMDB_Image_FairfaceModel,"[0.9726534485816956, 8.74466059030965e-06, 0.00932189729064703, 2.5524318516545463e-06, 7.950532562972512e-06, 6.550968828378245e-05, 0.017939932644367218]",False,True,True,True,True,3,1.0,1.0,1.0
60100,Star Wars Ep. I: The Phantom Menace,2,88340401,George Lucas,,,Screenwriter,George Lucas,,Unknown,,Unknown,,,,False,True,False,False,False,6,0.5,0.5,0.5
60100,Star Wars Ep. I: The Phantom Menace,1,710401,Liam Neeson,Qui-Gon Jinn,Leading,,Liam Neeson,1952-06-07,TMDB,Male,TMDB,White,TMDB_Image_FairfaceModel,"[0.9907447695732117, 4.3117054815411393e-07, 0.00026221555890515447, 2.1175357687752694e-05, 2.1607176677207462e-05, 4.27464437962044e-05, 0.008907086215913296]",True,False,True,True,True,6,0.5,0.5,0.5
60100,Star Wars Ep. I: The Phantom Menace,2,1290401,Ewan McGregor,Obi-Wan Kenobi,Leading,,Ewan McGregor,1971-03-31,TMDB,Male,TMDB,White,TMDB_Image_FairfaceModel,"[0.9999595880508423, 3.91751235895299e-08, 1.257038729818305e-05, 8.107809321700188e-07, 1.6157985101017402e-06, 5.583911502071714e-07, 2.4796756406431086e-05]",True,False,True,True,True,6,0.5,0.5,0.5
60100,Star Wars Ep. I: The Phantom Menace,4,86720401,Jake Lloyd,Anakin Skywalker,Leading,,Jake Lloyd,,Unknown,,Unknown,,,,True,False,False,False,False,6,0.5,0.5,0.5
60100,Star Wars Ep. I: The Phantom Menace,3,115800401,Natalie Portman,Queen Amidala Padme Naberrie,Leading,,Natalie Portman,1981-06-09,TMDB,Female,TMDB,White,TMDB_Image_FairfaceModel,"[0.9760515689849854, 6.290528290264774e-06, 0.017943140119314194, 2.2015563445165753e-05, 2.2167823772178963e-05, 0.0005332321161404252, 0.005421479698270559]",True,False,True,True,True,6,0.5,0.5,0.5
60100,Star Wars Ep. I: The Phantom Menace,1,88340401,George Lucas,,,Director,George Lucas,,Unknown,,Unknown,,,,False,True,False,False,False,6,0.5,0.5,0.5
70100,Pirates of the Caribbean: Dead Man’s Chest,1,146540401,Gore Verbinski,,,Director,Gore Verbinski,1964-03-16,TMDB,Male,TMDB,White,TMDB_Image_FairfaceModel,"[0.996317982673645, 3.0192846679710783e-05, 0.00204952759668231, 0.000415713875554502, 0.00039346329867839813, 0.00025669598835520446, 0.0005364807439036667]",False,True,True,True,True,7,1.0,1.0,1.0
70100,Pirates of the Caribbean: Dead Man’s Chest,7,203660401,Ted Elliott,,,Screenwriter,Ted Elliott,1961-07-04,TMDB,Male,TMDB,White,TMDB_Image_FairfaceModel,"[0.9990008473396301, 1.466440835429239e-07, 6.838995614089072e-05, 1.2221775250509381e-05, 7.472838206012966e-06, 4.880090273218229e-06, 0.0009059925796464086]",False,True,True,True,True,7,1.0,1.0,1.0
70100,Pirates of the Caribbean: Dead Man’s Chest,8,203670401,Terry Rossio,,,Screenwriter,Terry Rossio,1960-07-02,TMDB,Male,TMDB,White,TMDB_Image_FairfaceModel,"[0.999916672706604, 1.2902272139569959e-08, 8.399188118346501e-06, 4.790110779140377e-06, 1.8198817315351334e-06, 7.510793693654705e-07, 6.772991036996245e-05]",False,True,True,True,True,7,1.0,1.0,1.0
70100,Pirates of the Caribbean: Dead Man’s Chest,1,580401,Johnny Depp,Captain Jack Sparrow,Leading,,Johnny Depp,1963-06-09,TMDB,Male,TMDB,White,TMDB_Image_FairfaceModel,"[0.27486318349838257, 0.0017716025467962027, 0.6487720012664795, 0.0005384556716307998, 0.004720717668533325, 0.045134156942367554, 0.024199917912483215]",True,False,True,True,True,7,1.0,1.0,1.0
70100,Pirates of the Caribbean: Dead Man’s Chest,2,15940401,Orlando Bloom,Will Turner,Leading,,Orlando Bloom,1977-01-13,TMDB,Male,TMDB,White,TMDB_Image_FairfaceModel,"[0.956578254699707, 5.6428907555527985e-05, 0.019784949719905853, 5.802615123684518e-05, 0.00011529064795468003, 0.0006095400312915444, 0.022797439247369766]",True,False,True,True,True,7,1.0,1.0,1.0
70100,Pirates of the Caribbean: Dead Man’s Chest,3,78970401,Keira Knightley,Elizabeth Swann,Leading,,Keira Knightley,1985-03-26,TMDB,Female,TMDB,White,TMDB_Image_FairfaceModel,"[0.975827693939209, 2.5967749479605118e-06, 0.0037458629813045263, 0.00023180556308943778, 7.137958891689777e-05, 0.00014428922440856695, 0.01997637376189232]",True,False,True,True,True,7,1.0,1.0,1.0
70100,Pirates of the Caribbean: Dead Man’s Chest,5,106110401,Bill Nighy,Davy Jones,Leading,,Bill Nighy,1949-12-12,TMDB,Male,TMDB,White,TMDB_Image_FairfaceModel,"[0.9967381358146667, 9.993792673412827e-07, 0.0003802402934525162, 0.00037864575278945267, 0.0002807330747600645, 2.8706301236525178e-05, 0.0021924609318375587]",True,False,True,True,True,7,1.0,1.0,1.0
80100,Spider-Man,6,79280401,David Koepp,,,Screenwriter,David Koepp,1963-06-09,TMDB,Male,TMDB,White,TMDB_Image_FairfaceModel,"[0.9996176958084106, 4.976382683707925e-07, 0.0002441485703457147, 2.9394266221061116e-06, 3.7938507375656627e-06, 7.305603048735065e-06, 0.00012355395301710814]",False,True,True,True,True,3,1.0,1.0,1.0
80100,Spider-Man,1,117920401,Sam Raimi,,,Director,Sam Raimi,1959-10-23,TMDB,Male,TMDB,White,Wikipedia,"[0.45042186975479126, 0.00020414311438798904, 0.20552679896354675, 0.03565177321434021, 0.007614469155669212, 0.0023878642823547125, 0.29819315671920776]",False,True,True,True,True,3,1.0,1.0,1.0
80100,Spider-Man,1,90320401,Tobey Maguire,Spider-Man/Peter Parker,Leading,,Tobey Maguire,1975-06-27,TMDB,Male,TMDB,White,TMDB_Image_FairfaceModel,"[0.996112048625946, 1.2545633580884896e-06, 0.0017893885960802436, 2.203408075729385e-05, 3.746729635167867e-05, 0.00027925806352868676, 0.0017584265442565084]",True,False,True,True,True,3,1.0,1.0,1.0
90100,Transformers: Revenge of the Fallen,2,50340401,Megan Fox,Mikaela Banes,Leading,,Megan Fox,1986-05-16,TMDB,Female,TMDB,White,TMDB_Image_FairfaceModel,"[0.03842921182513237, 0.0019749398343265057, 0.6161289811134338, 0.0005007425788789988, 0.0007646700250916183, 0.28386420011520386, 0.0583372563123703]",True,False,True,True,True,6,1.0,1.0,1.0
90100,Transformers: Revenge of the Fallen,3,109030401,Roberto Orci,,,Screenwriter,Roberto Orci,1973-07-20,TMDB,Male,TMDB,White,TMDB_Image_FairfaceModel,"[0.992192804813385, 7.467645559700031e-07, 0.0036542245652526617, 4.435640221345238e-06, 6.611454864469124e-06, 7.009392720647156e-05, 0.004070980008691549]",False,True,True,True,True,6,1.0,1.0,1.0
90100,Transformers: Revenge of the Fallen,2,182170401,Ehren Kruger,,,Screenwriter,Ehren Kruger,1972-10-05,TMDB,Male,TMDB,White,TMDB_Image_FairfaceModel,"[0.9999481439590454, 1.3679474220040788e-09, 6.959347956581041e-06, 1.4298112773758476e-06, 1.142740188697644e-06, 4.189142259747314e-07, 4.1869934648275375e-05]",False,True,True,True,True,6,1.0,1.0,1.0
90100,Transformers: Revenge of the Fallen,4,80570401,Alex Kurtzman,,,Screenwriter,Alex Kurtzman,1973-09-07,TMDB,Male,TMDB,White,TMDB_Image_FairfaceModel,"[0.8691748380661011, 8.71217853273265e-05, 0.055064063519239426, 0.0021357436198741198, 0.0006505001801997423, 0.009200566448271275, 0.06368708610534668]",False,True,True,True,True,6,1.0,1.0,1.0
90100,Transformers: Revenge of the Fallen,1,11530401,Michael Bay,,,Director,Michael Bay,1965-02-17,TMDB,Male,TMDB,White,TMDB_Image_FairfaceModel,"[0.9993884563446045, 4.2996970250896993e-07, 0.00018379863467998803, 1.5166439879976679e-05, 2.9008846468059346e-05, 1.474310101912124e-05, 0.00036839712993241847]",False,True,True,True,True,6,1.0,1.0,1.0
90100,Transformers: Revenge of the Fallen,1,80850401,Shia LaBeouf,Sam Witwicky,Leading,,Shia LaBeouf,1986-06-11,TMDB,Male,TMDB,White,TMDB_Image_FairfaceModel,"[0.9032259583473206, 0.00023644878820050508, 0.05812787264585495, 0.0003962423943448812, 0.00045573589159175754, 0.0012235497124493122, 0.036334168165922165]",True,False,True,True,True,6,1.0,1.0,1.0
100100,Star Wars Ep. III: Revenge of the Sith,1,88340401,George Lucas,,,Director,George Lucas,,Unknown,,Unknown,,,,False,True,False,False,False,5,0.6,0.6,0.6
100100,Star Wars Ep. III: Revenge of the Sith,2,88340401,George Lucas,,,Screenwriter,George Lucas,,Unknown,,Unknown,,,,False,True,False,False,False,5,0.6,0.6,0.6
100100,Star Wars Ep. III: Revenge of the Sith,2,115800401,Natalie Portman,Padmé Amidala,Leading,,Natalie Portman,1981-06-09,TMDB,Female,TMDB,White,TMDB_Image_FairfaceModel,"[0.9760515689849854, 6.290528290264774e-06, 0.017943140119314194, 2.2015563445165753e-05, 2.2167823772178963e-05, 0.0005332321161404252, 0.005421479698270559]",True,False,True,True,True,5,0.6,0.6,0.6
100100,Star Wars Ep. III: Revenge of the Sith,1,1290401,Ewan McGregor,"Obi-Wan ""Ben"" Kenobi",Leading,,Ewan McGregor,1971-03-31,TMDB,Male,TMDB,White,TMDB_Image_FairfaceModel,"[0.9999595880508423, 3.91751235895299e-08, 1.257038729818305e-05, 8.107809321700188e-07, 1.6157985101017402e-06, 5.583911502071714e-07, 2.4796756406431086e-05]",True,False,True,True,True,5,0.6,0.6,0.6
100100,Star Wars Ep. III: Revenge of the Sith,3,28330401,Hayden Christensen,Anakin Skywalker/Darth Vader,Leading,,Hayden Christensen,1981-04-19,TMDB,Male,TMDB,White,TMDB_Image_FairfaceModel,"[0.9980192184448242, 1.2312929129620898e-06, 0.00035554106580093503, 1.4717412341269664e-05, 8.928094757720828e-06, 9.500440683041234e-07, 0.0015995221910998225]",True,False,True,True,True,5,0.6,0.6,0.6
307900100,Titanic,1,1400210401,Herbert Selpin,,,Director,Herbert Selpin,1902-05-29,TMDB,Male,TMDB,White,Wikipedia,"[0.2500323951244354, 0.003718231339007616, 0.2720121741294861, 0.002579626627266407, 0.005582386627793312, 0.060412775725126266, 0.4056623876094818]",False,True,True,True,True,1,1.0,1.0,1.0
